fid,transect,sample_ID,sfcWind_max,sfcWind,pr,tmp,tmax,tmin
1,DHN1,100_DHN1,8.31623363494873,6.19356107711792,812.34130859375,11.1641664505005,20.2733325958252,2.55666661262512
2,Oye,100_F,6.9935998916626,5.1933388710022,770.876647949219,11.3188886642456,21.7766666412354,1.96333336830139
3,DHN1,101_DHN1,8.31623363494873,6.19356107711792,812.34130859375,11.1641664505005,20.2733325958252,2.55666661262512
4,Oye,101_F,6.9935998916626,5.1933388710022,770.876647949219,11.3188886642456,21.7766666412354,1.96333336830139
5,Camperduin_1,101_N,9.44410037994385,6.91150856018066,869.374633789062,10.6852779388428,19.5166664123535,2.35333323478699
6,Oye,102_F,6.82713317871094,5.07100009918213,769.537658691406,11.3175001144409,21.8233337402344,1.93333339691162
7,Camperduin_1,102_N,9.44410037994385,6.91150856018066,869.374633789062,10.6852779388428,19.5166664123535,2.35333323478699
8,Oye,103_F,7.95743322372437,5.91098594665527,767.364685058594,11.3397226333618,21.7700004577637,2.00666666030884
9,Camperduin_1,103_N,9.44410037994385,6.91150856018066,869.374633789062,10.6852779388428,19.5166664123535,2.35333323478699
10,Oye,104_F,7.95743322372437,5.91098594665527,767.364685058594,11.3397226333618,21.7700004577637,2.00666666030884
11,Oye,105_F,7.95743322372437,5.91098594665527,767.364685058594,11.3397226333618,21.7700004577637,2.00666666030884
12,Camperduin_1,105_N,9.44410037994385,6.91150856018066,869.374633789062,10.6852779388428,19.5166664123535,2.35333323478699
13,Oye,106_F,7.95743322372437,5.91098594665527,767.364685058594,11.3397226333618,21.7700004577637,2.00666666030884
14,Camperduin_1,106_N,9.25370025634766,6.77190256118774,871.312683105469,10.6783332824707,19.5200004577637,2.32333326339722
15,Oye,107_F,7.95743322372437,5.91098594665527,767.364685058594,11.3397226333618,21.7700004577637,2.00666666030884
16,Oye,108_F,7.95743322372437,5.91098594665527,767.364685058594,11.3397226333618,21.7700004577637,2.00666666030884
17,Oye,109_F,7.95743322372437,5.91098594665527,767.364685058594,11.3397226333618,21.7700004577637,2.00666666030884
18,Camperduin_1,109_N,9.25370025634766,6.77190256118774,871.312683105469,10.6783332824707,19.5200004577637,2.32333326339722
19,Duinkerke,10_F,6.02493333816528,4.53355550765991,724.801696777344,11.1877775192261,21.8500003814697,1.66333329677582
20,Vrouwenpolder,10_N,7.60406684875488,5.62313318252563,841.559997558594,11.0122222900391,21.3833332061768,1.49000000953674
21,NPT,10_NPT,6.71500015258789,4.99188327789307,820.736022949219,11.1341667175293,20.8833332061768,2.00333333015442
22,Winterton,10_UK,8.0736665725708,6.13350009918213,642.883666992188,10.5941667556763,18.7066669464111,3.49000000953674
23,DUI,110_DUI,7.18973350524902,5.3413028717041,828.932678222656,11.102499961853,21.2333335876465,1.69000005722046
24,Oye,110_F,7.80806636810303,5.80142211914062,766.090698242188,11.3325004577637,21.8033332824707,1.96666669845581
25,Camperduin_1,110_N,9.25370025634766,6.77190256118774,871.312683105469,10.6783332824707,19.5200004577637,2.32333326339722
26,DUI,111_DUI,7.18973350524902,5.3413028717041,828.932678222656,11.102499961853,21.2333335876465,1.69000005722046
27,DUI,112_DUI,7.18973350524902,5.3413028717041,828.932678222656,11.102499961853,21.2333335876465,1.69000005722046
28,Oye,112_F,7.80806636810303,5.80142211914062,766.090698242188,11.3325004577637,21.8033332824707,1.96666669845581
29,Camperduin_1,112_N,9.25370025634766,6.77190256118774,871.312683105469,10.6783332824707,19.5200004577637,2.32333326339722
30,DUI,113_DUI,7.18973350524902,5.3413028717041,828.932678222656,11.102499961853,21.2333335876465,1.69000005722046
31,Oye,113_F,7.80806636810303,5.80142211914062,766.090698242188,11.3325004577637,21.8033332824707,1.96666669845581
32,Camperduin_1,113_N,9.25370025634766,6.77190256118774,871.312683105469,10.6783332824707,19.5200004577637,2.32333326339722
33,DUI,114_DUI,7.18973350524902,5.3413028717041,828.932678222656,11.102499961853,21.2333335876465,1.69000005722046
34,Oye,114_F,7.55683326721191,5.61609697341919,764.864685058594,11.3188886642456,21.8266658782959,1.93666672706604
35,Camperduin_1,114_N,9.25370025634766,6.77190256118774,871.312683105469,10.6783332824707,19.5200004577637,2.32333326339722
36,DUI,115_DUI,7.18973350524902,5.3413028717041,828.932678222656,11.102499961853,21.2333335876465,1.69000005722046
37,Oye,115_F,7.55683326721191,5.61609697341919,764.864685058594,11.3188886642456,21.8266658782959,1.93666672706604
38,Camperduin_1,115_N,9.25370025634766,6.77190256118774,871.312683105469,10.6783332824707,19.5200004577637,2.32333326339722
39,DUI,116_DUI,7.18973350524902,5.3413028717041,828.932678222656,11.102499961853,21.2333335876465,1.69000005722046
40,Oye,116_F,7.55683326721191,5.61609697341919,764.864685058594,11.3188886642456,21.8266658782959,1.93666672706604
41,DUI,117_DUI,7.18973350524902,5.3413028717041,828.932678222656,11.102499961853,21.2333335876465,1.69000005722046
42,Oye,117_F,7.55683326721191,5.61609697341919,764.864685058594,11.3188886642456,21.8266658782959,1.93666672706604
43,Camperduin_2,117_N,9.2125997543335,6.74142503738403,873.108337402344,10.67027759552,19.5433330535889,2.29333329200745
44,DUI,118_DUI,7.18973350524902,5.3413028717041,828.932678222656,11.102499961853,21.2333335876465,1.69000005722046
45,Oye,118_F,7.55683326721191,5.61609697341919,764.864685058594,11.3188886642456,21.8266658782959,1.93666672706604
46,Camperduin_2,118_N,9.2125997543335,6.74142503738403,873.108337402344,10.67027759552,19.5433330535889,2.29333329200745
47,DUI,119_DUI,7.28399991989136,5.41149711608887,829.382995605469,11.1163892745972,21.2099990844727,1.73333334922791
48,Oye,119_F,7.55683326721191,5.61609697341919,764.864685058594,11.3188886642456,21.8266658782959,1.93666672706604
49,Camperduin_2,119_N,9.2125997543335,6.74142503738403,873.108337402344,10.67027759552,19.5433330535889,2.29333329200745
50,Duinkerke,11_F,6.02493333816528,4.53355550765991,724.801696777344,11.1877775192261,21.8500003814697,1.66333329677582
51,Vrouwenpolder,11_N,8.19589996337891,6.05978631973267,842.280334472656,11.0163888931274,21.3366661071777,1.51666665077209
52,NPT,11_NPT,6.71500015258789,4.99188327789307,820.736022949219,11.1341667175293,20.8833332061768,2.00333333015442
53,DUI,120_DUI,7.28399991989136,5.41149711608887,829.382995605469,11.1163892745972,21.2099990844727,1.73333334922791
54,Oye,120_F,7.55683326721191,5.61609697341919,764.864685058594,11.3188886642456,21.8266658782959,1.93666672706604
55,Camperduin_2,120_N,9.2125997543335,6.74142503738403,873.108337402344,10.67027759552,19.5433330535889,2.29333329200745
56,DUI,121_DUI,7.28399991989136,5.41149711608887,829.382995605469,11.1163892745972,21.2099990844727,1.73333334922791
57,Oye,121_F,7.80806636810303,5.80142211914062,766.090698242188,11.3325004577637,21.8033332824707,1.96666669845581
58,Camperduin_2,121_N,9.2125997543335,6.74142503738403,873.108337402344,10.67027759552,19.5433330535889,2.29333329200745
59,DUI,122_DUI,7.28399991989136,5.41149711608887,829.382995605469,11.1163892745972,21.2099990844727,1.73333334922791
60,Oye,122_F,7.80806636810303,5.80142211914062,766.090698242188,11.3325004577637,21.8033332824707,1.96666669845581
61,Camperduin_2,122_N,9.2125997543335,6.74142503738403,873.108337402344,10.67027759552,19.5433330535889,2.29333329200745
62,DUI,123_DUI,7.28399991989136,5.41149711608887,829.382995605469,11.1163892745972,21.2099990844727,1.73333334922791
63,Oye,123_F,7.80806636810303,5.80142211914062,766.090698242188,11.3325004577637,21.8033332824707,1.96666669845581
64,Camperduin_2,123_N,9.2125997543335,6.74142503738403,873.108337402344,10.67027759552,19.5433330535889,2.29333329200745
65,Oye,124_F,7.80806636810303,5.80142211914062,766.090698242188,11.3325004577637,21.8033332824707,1.96666669845581
66,Camperduin_2,124_N,9.2125997543335,6.74142503738403,873.108337402344,10.67027759552,19.5433330535889,2.29333329200745
67,Camperduin_2,125_N,9.2125997543335,6.74142503738403,873.108337402344,10.67027759552,19.5433330535889,2.29333329200745
68,WTN,125_WTN,6.30723333358765,4.71938610076904,770.827026367188,11.1469440460205,20.5866661071777,2.39000010490417
69,Camperduin_2,126_N,9.2125997543335,6.74142503738403,873.108337402344,10.67027759552,19.5433330535889,2.29333329200745
70,WTN,126_WTN,6.30723333358765,4.71938610076904,770.827026367188,11.1469440460205,20.5866661071777,2.39000010490417
71,Gravelines,127_F,6.99143314361572,5.19840812683105,762.608337402344,11.3172225952148,21.8933334350586,1.87666666507721
72,Camperduin_2,127_N,8.96700000762939,6.561439037323,874.60498046875,10.6613883972168,19.5499992370605,2.26333332061768
73,WTN,127_WTN,6.30723333358765,4.71938610076904,770.827026367188,11.1469440460205,20.5866661071777,2.39000010490417
74,Gravelines,128_F,6.99143314361572,5.19840812683105,762.608337402344,11.3172225952148,21.8933334350586,1.87666666507721
75,Camperduin_2,128_N,9.2125997543335,6.74142503738403,873.108337402344,10.67027759552,19.5433330535889,2.29333329200745
76,WTN,128_WTN,6.30723333358765,4.71938610076904,770.827026367188,11.1469440460205,20.5866661071777,2.39000010490417
77,Gravelines,129_F,6.99143314361572,5.19840812683105,762.608337402344,11.3172225952148,21.8933334350586,1.87666666507721
78,WTN,129_WTN,6.30723333358765,4.71938610076904,770.827026367188,11.1469440460205,20.5866661071777,2.39000010490417
79,Duinkerke,12_F,7.36819982528687,5.54404163360596,726.984008789062,11.2108335494995,21.7666664123535,1.75666666030884
80,Vrouwenpolder,12_N,8.19589996337891,6.05978631973267,842.280334472656,11.0163888931274,21.3366661071777,1.51666665077209
81,NPT,12_NPT,6.71500015258789,4.99188327789307,820.736022949219,11.1341667175293,20.8833332061768,2.00333333015442
82,Holme,12_UK,9.39716720581055,7.15362215042114,638.17333984375,10.3861112594604,18.4166660308838,3.48666667938232
83,Gravelines,130_F,6.99143314361572,5.19840812683105,762.608337402344,11.3172225952148,21.8933334350586,1.87666666507721
84,Camperduin_2,130_N,8.96700000762939,6.561439037323,874.60498046875,10.6613883972168,19.5499992370605,2.26333332061768
85,WTN,130_WTN,6.30723333358765,4.71938610076904,770.827026367188,11.1469440460205,20.5866661071777,2.39000010490417
86,Gravelines,131_F,6.99143314361572,5.19840812683105,762.608337402344,11.3172225952148,21.8933334350586,1.87666666507721
87,Korfwater,131_N,8.08743286132812,5.92959976196289,858.055358886719,10.6447219848633,19.5033340454102,2.3199999332428
88,WTN,131_WTN,6.30723333358765,4.71938610076904,770.827026367188,11.1469440460205,20.5866661071777,2.39000010490417
89,Gravelines,132_F,6.99143314361572,5.19840812683105,762.608337402344,11.3172225952148,21.8933334350586,1.87666666507721
90,WTN,132_WTN,6.30723333358765,4.71938610076904,770.827026367188,11.1469440460205,20.5866661071777,2.39000010490417
91,Gravelines,133_F,6.99143314361572,5.19840812683105,762.608337402344,11.3172225952148,21.8933334350586,1.87666666507721
92,WTN,133_WTN,7.19473314285278,5.38392496109009,770.103332519531,11.159722328186,20.5866661071777,2.41333341598511
93,Gravelines,134_F,6.99143314361572,5.19840812683105,762.608337402344,11.3172225952148,21.8933334350586,1.87666666507721
94,Korfwater,134_N,8.97369956970215,6.57859182357788,858.337646484375,10.664999961853,19.4799995422363,2.34333324432373
95,WTN,134_WTN,7.19473314285278,5.38392496109009,770.103332519531,11.159722328186,20.5866661071777,2.41333341598511
96,Gravelines,135_F,6.99143314361572,5.19840812683105,762.608337402344,11.3172225952148,21.8933334350586,1.87666666507721
97,WTN,135_WTN,7.19473314285278,5.38392496109009,770.103332519531,11.159722328186,20.5866661071777,2.41333341598511
98,Gravelines,136_F,6.55796670913696,4.87736129760742,761.573303222656,11.3155555725098,21.9333343505859,1.86333334445953
99,Korfwater,136_N,9.24076652526855,6.77098321914673,860.725646972656,10.6752777099609,19.4799995422363,2.35666656494141
100,Gravelines,137_F,6.55796670913696,4.87736129760742,761.573303222656,11.3155555725098,21.9333343505859,1.86333334445953
101,WTN,137_WTN,7.19473314285278,5.38392496109009,770.103332519531,11.159722328186,20.5866661071777,2.41333341598511
102,Gravelines,138_F,6.55796670913696,4.87736129760742,761.573303222656,11.3155555725098,21.9333343505859,1.86333334445953
103,WTN,138_WTN,7.19473314285278,5.38392496109009,770.103332519531,11.159722328186,20.5866661071777,2.41333341598511
104,Gravelines,139_F,6.55796670913696,4.87736129760742,761.573303222656,11.3155555725098,21.9333343505859,1.86333334445953
105,WTN,139_WTN,7.19473314285278,5.38392496109009,770.103332519531,11.159722328186,20.5866661071777,2.41333341598511
106,Duinkerke,13_F,7.36819982528687,5.54404163360596,726.984008789062,11.2108335494995,21.7666664123535,1.75666666030884
107,Vrouwenpolder,13_N,8.19589996337891,6.05978631973267,842.280334472656,11.0163888931274,21.3366661071777,1.51666665077209
108,NPT,13_NPT,7.08623313903809,5.2680721282959,820.294677734375,11.1261110305786,20.8233337402344,2.03666663169861
109,Holme,13_UK,9.39716720581055,7.15362215042114,638.17333984375,10.3861112594604,18.4166660308838,3.48666667938232
110,Gravelines,140_F,6.55796670913696,4.87736129760742,761.573303222656,11.3155555725098,21.9333343505859,1.86333334445953
111,ODK_BAD2,140_ODK-BAD,6.46396684646606,4.84653043746948,756.634033203125,11.1516666412354,20.9433326721191,2.16000008583069
112,Gravelines,141_F,6.55796670913696,4.87736129760742,761.573303222656,11.3155555725098,21.9333343505859,1.86333334445953
113,ODK_BAD2,141_ODK-BAD,6.46396684646606,4.84653043746948,756.634033203125,11.1516666412354,20.9433326721191,2.16000008583069
114,Gravelines,142_F,8.13969993591309,6.05525016784668,760.362976074219,11.3374996185303,21.8666667938232,1.92666661739349
115,ODK_BAD2,142_ODK-BAD,6.46396684646606,4.84653043746948,756.634033203125,11.1516666412354,20.9433326721191,2.16000008583069
116,Gravelines,143_F,8.13969993591309,6.05525016784668,760.362976074219,11.3374996185303,21.8666667938232,1.92666661739349
117,ODK_BAD2,143_ODK-BAD,6.46396684646606,4.84653043746948,756.634033203125,11.1516666412354,20.9433326721191,2.16000008583069
118,Gravelines,144_F,8.13969993591309,6.05525016784668,760.362976074219,11.3374996185303,21.8666667938232,1.92666661739349
119,ODK_BAD2,144_ODK-BAD,6.46396684646606,4.84653043746948,756.634033203125,11.1516666412354,20.9433326721191,2.16000008583069
120,ODK_BAD2,145_ODK-BAD,6.46396684646606,4.84653043746948,756.634033203125,11.1516666412354,20.9433326721191,2.16000008583069
121,Gravelines,146_F,8.13969993591309,6.05525016784668,760.362976074219,11.3374996185303,21.8666667938232,1.92666661739349
122,ODK_BAD2,146_ODK-BAD,6.46396684646606,4.84653043746948,756.634033203125,11.1516666412354,20.9433326721191,2.16000008583069
123,Gravelines,147_F,8.13969993591309,6.05525016784668,760.362976074219,11.3374996185303,21.8666667938232,1.92666661739349
124,ODK_BAD2,147_ODK-BAD,6.46396684646606,4.84653043746948,756.634033203125,11.1516666412354,20.9433326721191,2.16000008583069
125,Gravelines,148_F,8.13969993591309,6.05525016784668,760.362976074219,11.3374996185303,21.8666667938232,1.92666661739349
126,ODK_BAD2,148_ODK-BAD,6.46396684646606,4.84653043746948,756.634033203125,11.1516666412354,20.9433326721191,2.16000008583069
127,Gravelines,149_F,8.1021671295166,6.03019714355469,758.82568359375,11.3311109542847,21.9366664886475,1.87333333492279
128,Duinkerke,14_F,6.02493333816528,4.53355550765991,724.801696777344,11.1877775192261,21.8500003814697,1.66333329677582
129,Vrouwenpolder,14_N,8.19589996337891,6.05978631973267,842.280334472656,11.0163888931274,21.3366661071777,1.51666665077209
130,NPT,14_NPT,7.08623313903809,5.2680721282959,820.294677734375,11.1261110305786,20.8233337402344,2.03666663169861
131,Holme,14_UK,9.39716720581055,7.15362215042114,638.17333984375,10.3861112594604,18.4166660308838,3.48666667938232
132,Gravelines,150_F,8.15190029144287,6.06581926345825,759.581359863281,11.3291664123535,21.8866672515869,1.88999998569489
133,ODK_BAD2,150_ODK-BAD,6.46396684646606,4.84653043746948,756.634033203125,11.1516666412354,20.9433326721191,2.16000008583069
134,Gravelines,151_F,8.15190029144287,6.06581926345825,759.581359863281,11.3291664123535,21.8866672515869,1.88999998569489
135,ZWN1,151_ZWN,7.33809995651245,5.44955253601074,829.52001953125,11.069167137146,21.4166660308838,1.50999999046326
136,ZWN1,152_ZWN,7.33809995651245,5.44955253601074,829.52001953125,11.069167137146,21.4166660308838,1.50999999046326
137,ZWN1,153_ZWN,7.33809995651245,5.44955253601074,829.52001953125,11.069167137146,21.4166660308838,1.50999999046326
138,Wimereux,154_F,7.92110013961792,5.83509159088135,830.628662109375,11.2325000762939,20.656665802002,2.45000004768372
139,ZWN1,154_ZWN,7.33809995651245,5.44955253601074,829.52001953125,11.069167137146,21.4166660308838,1.50999999046326
140,Wimereux,155_F,7.92110013961792,5.83509159088135,830.628662109375,11.2325000762939,20.656665802002,2.45000004768372
141,ZWN1,155_ZWN,7.21866655349731,5.36073064804077,829.107666015625,11.0799999237061,21.4733333587646,1.5
142,Wimereux,156_F,7.92110013961792,5.83509159088135,830.628662109375,11.2325000762939,20.656665802002,2.45000004768372
143,ZWN1,156_ZWN,7.21866655349731,5.36073064804077,829.107666015625,11.0799999237061,21.4733333587646,1.5
144,Wimereux,157_F,7.92110013961792,5.83509159088135,830.628662109375,11.2325000762939,20.656665802002,2.45000004768372
145,ZWN1,157_ZWN,7.21866655349731,5.36073064804077,829.107666015625,11.0799999237061,21.4733333587646,1.5
146,Wimereux,158_F,7.92110013961792,5.83509159088135,830.628662109375,11.2325000762939,20.656665802002,2.45000004768372
147,ZWN1,158_ZWN,7.21866655349731,5.36073064804077,829.107666015625,11.0799999237061,21.4733333587646,1.5
148,Wimereux,159_F,7.92110013961792,5.83509159088135,830.628662109375,11.2325000762939,20.656665802002,2.45000004768372
149,ZWN1,159_ZWN,7.21866655349731,5.36073064804077,829.107666015625,11.0799999237061,21.4733333587646,1.5
150,Duinkerke,15_F,6.02493333816528,4.53355550765991,724.801696777344,11.1877775192261,21.8500003814697,1.66333329677582
151,NPT,15_NPT,7.08623313903809,5.2680721282959,820.294677734375,11.1261110305786,20.8233337402344,2.03666663169861
152,Holme,15_UK,9.39716720581055,7.15362215042114,638.17333984375,10.3861112594604,18.4166660308838,3.48666667938232
153,Wimereux,160_F,7.92110013961792,5.83509159088135,830.628662109375,11.2325000762939,20.656665802002,2.45000004768372
154,ZWN1,160_ZWN,7.21866655349731,5.36073064804077,829.107666015625,11.0799999237061,21.4733333587646,1.5
155,Wimereux,161_F,7.92110013961792,5.83509159088135,830.628662109375,11.2325000762939,20.656665802002,2.45000004768372
156,ZWN1,161_ZWN,7.33809995651245,5.44955253601074,829.52001953125,11.069167137146,21.4166660308838,1.50999999046326
157,DHN_K,162_DHN_K,6.21093320846558,4.62366390228271,815.461975097656,11.1238889694214,20.3600006103516,2.42333340644836
158,Wimereux,162_F,7.92110013961792,5.83509159088135,830.628662109375,11.2325000762939,20.656665802002,2.45000004768372
159,DHN_K,163_DHN_K,6.21093320846558,4.62366390228271,815.461975097656,11.1238889694214,20.3600006103516,2.42333340644836
160,Wimereux,163_F,7.92110013961792,5.83509159088135,830.628662109375,11.2325000762939,20.656665802002,2.45000004768372
161,DHN_K,164_DHN_K,6.21093320846558,4.62366390228271,815.461975097656,11.1238889694214,20.3600006103516,2.42333340644836
162,Wimereux,164_F,7.92110013961792,5.83509159088135,830.628662109375,11.2325000762939,20.656665802002,2.45000004768372
163,DHN_K,165_DHN_K,6.21093320846558,4.62366390228271,815.461975097656,11.1238889694214,20.3600006103516,2.42333340644836
164,Wimereux,165_F,7.92110013961792,5.83509159088135,830.628662109375,11.2325000762939,20.656665802002,2.45000004768372
165,DHN_K,166_DHN_K,7.53003358840942,5.60437202453613,816.925354003906,11.1522226333618,20.3999996185303,2.43666672706604
166,Wimereux,166_F,8.22873306274414,6.06118869781494,826.413330078125,11.2497224807739,20.7566661834717,2.40333342552185
167,DHN_K,167_DHN_K,7.53003358840942,5.60437202453613,816.925354003906,11.1522226333618,20.3999996185303,2.43666672706604
168,Wimereux,167_F,8.22873306274414,6.06118869781494,826.413330078125,11.2497224807739,20.7566661834717,2.40333342552185
169,DHN_K,168_DHN_K,7.53003358840942,5.60437202453613,816.925354003906,11.1522226333618,20.3999996185303,2.43666672706604
170,Wimereux,168_F,8.22873306274414,6.06118869781494,826.413330078125,11.2497224807739,20.7566661834717,2.40333342552185
171,DHN_K,169_DHN_K,7.53003358840942,5.60437202453613,816.925354003906,11.1522226333618,20.3999996185303,2.43666672706604
172,Wimereux,169_F,8.22873306274414,6.06118869781494,826.413330078125,11.2497224807739,20.7566661834717,2.40333342552185
173,Duinkerke,16_F,6.02493333816528,4.53355550765991,724.801696777344,11.1877775192261,21.8500003814697,1.66333329677582
174,NeeltjeJans,16_N,8.40536689758301,6.21104717254639,848.232360839844,10.9938888549805,21.1266670227051,1.61000001430511
175,NPT,16_NPT,7.08623313903809,5.2680721282959,820.294677734375,11.1261110305786,20.8233337402344,2.03666663169861
176,Holme,16_UK,7.85966682434082,5.98142766952515,641.702026367188,10.3811111450195,18.4633331298828,3.4466667175293
177,DHN_K,170_DHN_K,7.53003358840942,5.60437202453613,816.925354003906,11.1522226333618,20.3999996185303,2.43666672706604
178,Wimereux,170_F,8.22873306274414,6.06118869781494,826.413330078125,11.2497224807739,20.7566661834717,2.40333342552185
179,DHN_K,171_DHN_K,7.53003358840942,5.60437202453613,816.925354003906,11.1522226333618,20.3999996185303,2.43666672706604
180,DHN_K,172_DHN_K,7.53003358840942,5.60437202453613,816.925354003906,11.1522226333618,20.3999996185303,2.43666672706604
181,Wimereux,172_F,8.22873306274414,6.06118869781494,826.413330078125,11.2497224807739,20.7566661834717,2.40333342552185
182,DHN_K,173_DHN_K,7.53003358840942,5.60437202453613,816.925354003906,11.1522226333618,20.3999996185303,2.43666672706604
183,Wimereux,173_F,8.22873306274414,6.06118869781494,826.413330078125,11.2497224807739,20.7566661834717,2.40333342552185
184,DHN_K,174_DHN_K,7.53003358840942,5.60437202453613,816.925354003906,11.1522226333618,20.3999996185303,2.43666672706604
185,Wimereux,174_F,8.22873306274414,6.06118869781494,826.413330078125,11.2497224807739,20.7566661834717,2.40333342552185
186,DHN_K,175_DHN_K,6.8059663772583,5.06516408920288,817.364318847656,11.1333332061768,20.4333343505859,2.38333344459534
187,Wimereux,175_F,8.22873306274414,6.06118869781494,826.413330078125,11.2497224807739,20.7566661834717,2.40333342552185
188,DHN_K,176_DHN_K,6.8059663772583,5.06516408920288,817.364318847656,11.1333332061768,20.4333343505859,2.38333344459534
189,Wimereux,176_F,8.22873306274414,6.06118869781494,826.413330078125,11.2497224807739,20.7566661834717,2.40333342552185
190,BKN_W,177_BKN_W,7.2631664276123,5.40121650695801,818.155639648438,11.1433334350586,20.6733341217041,2.18666672706604
191,Wimereux,177_F,8.22873306274414,6.06118869781494,826.413330078125,11.2497224807739,20.7566661834717,2.40333342552185
192,BKN_W,178_BKN_W,7.2631664276123,5.40121650695801,818.155639648438,11.1433334350586,20.6733341217041,2.18666672706604
193,Wimereux,178_F,8.22873306274414,6.06118869781494,826.413330078125,11.2497224807739,20.7566661834717,2.40333342552185
194,BKN_W,179_BKN_W,7.2631664276123,5.40121650695801,818.155639648438,11.1433334350586,20.6733341217041,2.18666672706604
195,Wimereux,179_F,8.22873306274414,6.06118869781494,826.413330078125,11.2497224807739,20.7566661834717,2.40333342552185
196,Duinkerke,17_F,6.02493333816528,4.53355550765991,724.801696777344,11.1877775192261,21.8500003814697,1.66333329677582
197,NeeltjeJans,17_N,7.94553327560425,5.87096405029297,849.698669433594,10.9805555343628,21.1466674804688,1.5900000333786
198,NPT,17_NPT,6.71500015258789,4.99188327789307,820.736022949219,11.1341667175293,20.8833332061768,2.00333333015442
199,Holme,17_UK,8.25500011444092,6.28331089019775,641.369995117188,10.3800001144409,18.4766674041748,3.42666673660278
200,BKN_W,180_BKN_W,7.72903347015381,5.7479362487793,818.396362304688,11.152777671814,20.6366672515869,2.24000000953674
201,Wimereux,180_F,8.22873306274414,6.06118869781494,826.413330078125,11.2497224807739,20.7566661834717,2.40333342552185
202,BKN_W,181_BKN_W,7.72903347015381,5.7479362487793,818.396362304688,11.152777671814,20.6366672515869,2.24000000953674
203,BKN_W,182_BKN_W,7.72903347015381,5.7479362487793,818.396362304688,11.152777671814,20.6366672515869,2.24000000953674
204,Wimereux,182_F,8.38726711273193,6.17730569839478,823.852661132812,11.2366666793823,20.8199996948242,2.34666657447815
205,BKN_W,183_BKN_W,7.72903347015381,5.7479362487793,818.396362304688,11.152777671814,20.6366672515869,2.24000000953674
206,Wimereux,183_F,8.38726711273193,6.17730569839478,823.852661132812,11.2366666793823,20.8199996948242,2.34666657447815
207,BKN_W,184_BKN_W,7.72903347015381,5.7479362487793,818.396362304688,11.152777671814,20.6366672515869,2.24000000953674
208,Wimereux,184_F,8.38726711273193,6.17730569839478,823.852661132812,11.2366666793823,20.8199996948242,2.34666657447815
209,BKN_W,185_BKN_W,7.72903347015381,5.7479362487793,818.396362304688,11.152777671814,20.6366672515869,2.24000000953674
210,Wimereux,185_F,8.38726711273193,6.17730569839478,823.852661132812,11.2366666793823,20.8199996948242,2.34666657447815
211,BKN_W,186_BKN_W,7.72903347015381,5.7479362487793,818.396362304688,11.152777671814,20.6366672515869,2.24000000953674
212,Wimereux,186_F,8.38726711273193,6.17730569839478,823.852661132812,11.2366666793823,20.8199996948242,2.34666657447815
213,BKN_W,187_BKN_W,7.72903347015381,5.7479362487793,818.396362304688,11.152777671814,20.6366672515869,2.24000000953674
214,Wimereux,187_F,8.38726711273193,6.17730569839478,823.852661132812,11.2366666793823,20.8199996948242,2.34666657447815
215,BKN_W,188_BKN_W,7.72903347015381,5.7479362487793,818.396362304688,11.152777671814,20.6366672515869,2.24000000953674
216,Wimereux,188_F,8.22873306274414,6.06118869781494,826.413330078125,11.2497224807739,20.7566661834717,2.40333342552185
217,BKN_W,189_BKN_W,7.72903347015381,5.7479362487793,818.396362304688,11.152777671814,20.6366672515869,2.24000000953674
218,Wimereux,189_F,8.22873306274414,6.06118869781494,826.413330078125,11.2497224807739,20.7566661834717,2.40333342552185
219,Duinkerke,18_F,5.36696672439575,4.03939437866211,725.224304199219,11.1730556488037,21.8466663360596,1.63666665554047
220,NeeltjeJans,18_N,7.94553327560425,5.87096405029297,849.698669433594,10.9805555343628,21.1466674804688,1.5900000333786
221,NPT,18_NPT,6.71500015258789,4.99188327789307,820.736022949219,11.1341667175293,20.8833332061768,2.00333333015442
222,Holme,18_UK,8.25500011444092,6.28331089019775,641.369995117188,10.3800001144409,18.4766674041748,3.42666673660278
223,BKN_W,190_BKN_W,7.72903347015381,5.7479362487793,818.396362304688,11.152777671814,20.6366672515869,2.24000000953674
224,BKN_W,191_BKN_W,8.5375337600708,6.34954452514648,818.635681152344,11.158055305481,20.5766658782959,2.29999995231628
225,ZWN2,192_ZWN,7.33809995651245,5.44955253601074,829.52001953125,11.069167137146,21.4166660308838,1.50999999046326
226,ZWN2,193_ZWN,7.33809995651245,5.44955253601074,829.52001953125,11.069167137146,21.4166660308838,1.50999999046326
227,ZWN2,194_ZWN,7.33809995651245,5.44955253601074,829.52001953125,11.069167137146,21.4166660308838,1.50999999046326
228,ZWN2,195_ZWN,7.33809995651245,5.44955253601074,829.52001953125,11.069167137146,21.4166660308838,1.50999999046326
229,ZWN2,196_ZWN2,7.51636648178101,5.58215284347534,829.916687011719,11.0763893127441,21.4033336639404,1.53666663169861
230,ZWN2,197_ZWN2,7.51636648178101,5.58215284347534,829.916687011719,11.0763893127441,21.4033336639404,1.53666663169861
231,ZWN2,198_ZWN2,7.51636648178101,5.58215284347534,829.916687011719,11.0763893127441,21.4033336639404,1.53666663169861
232,ZWN2,199_ZWN2,7.51636648178101,5.58215284347534,829.916687011719,11.0763893127441,21.4033336639404,1.53666663169861
233,Duinkerke,19_F,7.36819982528687,5.54404163360596,726.984008789062,11.2108335494995,21.7666664123535,1.75666666030884
234,NeeltjeJans,19_N,7.94553327560425,5.87096405029297,849.698669433594,10.9805555343628,21.1466674804688,1.5900000333786
235,NPT,19_NPT,6.71500015258789,4.99188327789307,820.736022949219,11.1341667175293,20.8833332061768,2.00333333015442
236,Holme,19_UK,8.25500011444092,6.28331089019775,641.369995117188,10.3800001144409,18.4766674041748,3.42666673660278
237,Duinkerke,1_F,6.4316668510437,4.83836126327515,724.440979003906,11.2022218704224,21.8600006103516,1.67333328723907
238,Vrouwenpolder,1_N,8.19589996337891,6.05978631973267,842.280334472656,11.0163888931274,21.3366661071777,1.51666665077209
239,ODK1,1_ODK,7.25523328781128,5.43686962127686,759.177307128906,11.1591663360596,20.843334197998,2.24000000953674
240,Winterton,1_UK,7.99770021438599,6.07338905334473,640.534301757812,10.602222442627,18.7433338165283,3.46333336830139
241,ZWN2,200_ZWN2,7.51636648178101,5.58215284347534,829.916687011719,11.0763893127441,21.4033336639404,1.53666663169861
242,Julianadorp,201_N,9.149733543396,6.75233888626099,832.342346191406,10.6902780532837,19.0900001525879,2.76333332061768
243,ZWN2,201_ZWN2,7.51636648178101,5.58215284347534,829.916687011719,11.0763893127441,21.4033336639404,1.53666663169861
244,Julianadorp,202_N,9.149733543396,6.75233888626099,832.342346191406,10.6902780532837,19.0900001525879,2.76333332061768
245,ZWN2,202_ZWN2,7.51636648178101,5.58215284347534,829.916687011719,11.0763893127441,21.4033336639404,1.53666663169861
246,Julianadorp,203_N,9.149733543396,6.75233888626099,832.342346191406,10.6902780532837,19.0900001525879,2.76333332061768
247,ZWN2,203_ZWN2,7.33809995651245,5.44955253601074,829.52001953125,11.069167137146,21.4166660308838,1.50999999046326
248,Julianadorp,204_N,9.149733543396,6.75233888626099,832.342346191406,10.6902780532837,19.0900001525879,2.76333332061768
249,OST,204_OST,6.24450016021729,4.65681123733521,805.328979492188,11.1438884735107,20.1933326721191,2.60666656494141
250,Julianadorp,205_N,9.149733543396,6.75233888626099,832.342346191406,10.6902780532837,19.0900001525879,2.76333332061768
251,OST,205_OST,6.24450016021729,4.65681123733521,805.328979492188,11.1438884735107,20.1933326721191,2.60666656494141
252,Julianadorp,206_N,9.149733543396,6.75233888626099,832.342346191406,10.6902780532837,19.0900001525879,2.76333332061768
253,OST,206_OST,6.24450016021729,4.65681123733521,805.328979492188,11.1438884735107,20.1933326721191,2.60666656494141
254,Julianadorp,207_N,9.03773307800293,6.66756963729858,833.122985839844,10.6872224807739,19.1299991607666,2.73000001907349
255,OST,207_OST,6.24450016021729,4.65681123733521,805.328979492188,11.1438884735107,20.1933326721191,2.60666656494141
256,Julianadorp,208_N,9.03773307800293,6.66756963729858,833.122985839844,10.6872224807739,19.1299991607666,2.73000001907349
257,OST,208_OST,6.24450016021729,4.65681123733521,805.328979492188,11.1438884735107,20.1933326721191,2.60666656494141
258,Julianadorp,209_N,9.03773307800293,6.66756963729858,833.122985839844,10.6872224807739,19.1299991607666,2.73000001907349
259,OST,209_OST,6.24450016021729,4.65681123733521,805.328979492188,11.1438884735107,20.1933326721191,2.60666656494141
260,Duinkerke,20_F,7.36819982528687,5.54404163360596,726.984008789062,11.2108335494995,21.7666664123535,1.75666666030884
261,NeeltjeJans,20_N,7.94553327560425,5.87096405029297,849.698669433594,10.9805555343628,21.1466674804688,1.5900000333786
262,NPT,20_NPT,6.71500015258789,4.99188327789307,820.736022949219,11.1341667175293,20.8833332061768,2.00333333015442
263,Holme,20_UK,8.25500011444092,6.28331089019775,641.369995117188,10.3800001144409,18.4766674041748,3.42666673660278
264,Julianadorp,210_N,9.03773307800293,6.66756963729858,833.122985839844,10.6872224807739,19.1299991607666,2.73000001907349
265,OST,210_OST,6.24450016021729,4.65681123733521,805.328979492188,11.1438884735107,20.1933326721191,2.60666656494141
266,Julianadorp,211_N,9.03773307800293,6.66756963729858,833.122985839844,10.6872224807739,19.1299991607666,2.73000001907349
267,OST,211_OST,6.24450016021729,4.65681123733521,805.328979492188,11.1438884735107,20.1933326721191,2.60666656494141
268,OST,212_OST,7.79163360595703,5.81106090545654,804.6806640625,11.1630554199219,20.1833324432373,2.63000011444092
269,Julianadorp,213_N,9.03773307800293,6.66756963729858,833.122985839844,10.6872224807739,19.1299991607666,2.73000001907349
270,OST,213_OST,7.79163360595703,5.81106090545654,804.6806640625,11.1630554199219,20.1833324432373,2.63000011444092
271,Julianadorp,214_N,9.03773307800293,6.66756963729858,833.122985839844,10.6872224807739,19.1299991607666,2.73000001907349
272,OST,214_OST,7.79163360595703,5.81106090545654,804.6806640625,11.1630554199219,20.1833324432373,2.63000011444092
273,Julianadorp,217_N,9.03773307800293,6.66756963729858,833.122985839844,10.6872224807739,19.1299991607666,2.73000001907349
274,Julianadorp,218_N,9.03773307800293,6.66756963729858,833.122985839844,10.6872224807739,19.1299991607666,2.73000001907349
275,Julianadorp,219_N,9.03773307800293,6.66756963729858,833.122985839844,10.6872224807739,19.1299991607666,2.73000001907349
276,BrayDunes_2,21_F,6.39593315124512,4.81554460525513,729.261352539062,11.1758337020874,21.75,1.68666660785675
277,NeeltjeJans,21_N,8.77503299713135,6.48332786560059,850.884338378906,10.9975004196167,21.0799999237061,1.64666664600372
278,NPT,21_NPT,6.71500015258789,4.99188327789307,820.736022949219,11.1341667175293,20.8833332061768,2.00333333015442
279,Holkham,21_UK,9.10456657409668,6.88956928253174,612.77197265625,10.4152774810791,18.2733325958252,3.67000007629395
280,Julianadorp,220_N,9.03773307800293,6.66756963729858,833.122985839844,10.6872224807739,19.1299991607666,2.73000001907349
281,Bergen_aan_Zee,221_N,8.49349975585938,6.21279430389404,877.399353027344,10.654444694519,19.5966663360596,2.19000005722046
282,Bergen_aan_Zee,222_N,8.49349975585938,6.21279430389404,877.399353027344,10.654444694519,19.5966663360596,2.19000005722046
283,Bergen_aan_Zee,223_N,8.49349975585938,6.21279430389404,877.399353027344,10.654444694519,19.5966663360596,2.19000005722046
284,Bergen_aan_Zee,224_N,8.49349975585938,6.21279430389404,877.399353027344,10.654444694519,19.5966663360596,2.19000005722046
285,Bergen_aan_Zee,225_N,8.7360668182373,6.39048910140991,876.242004394531,10.6627779006958,19.593334197998,2.21000003814697
286,Bergen_aan_Zee,227_N,8.7360668182373,6.39048910140991,876.242004394531,10.6627779006958,19.593334197998,2.21000003814697
287,Bergen_aan_Zee,229_N,8.7360668182373,6.39048910140991,876.242004394531,10.6627779006958,19.593334197998,2.21000003814697
288,BrayDunes_2,22_F,6.39593315124512,4.81554460525513,729.261352539062,11.1758337020874,21.75,1.68666660785675
289,Vrouwenpolder,22_N,8.19589996337891,6.05978631973267,842.280334472656,11.0163888931274,21.3366661071777,1.51666665077209
290,NPT,22_NPT,6.71500015258789,4.99188327789307,820.736022949219,11.1341667175293,20.8833332061768,2.00333333015442
291,Holkham,22_UK,9.10456657409668,6.88956928253174,612.77197265625,10.4152774810791,18.2733325958252,3.67000007629395
292,Bergen_aan_Zee,230_N,8.7360668182373,6.39048910140991,876.242004394531,10.6627779006958,19.593334197998,2.21000003814697
293,Bergen_aan_Zee,231_N,8.7360668182373,6.39048910140991,876.242004394531,10.6627779006958,19.593334197998,2.21000003814697
294,Bergen_aan_Zee,232_N,8.7360668182373,6.39048910140991,876.242004394531,10.6627779006958,19.593334197998,2.21000003814697
295,Bergen_aan_Zee,233_N,8.7360668182373,6.39048910140991,876.242004394531,10.6627779006958,19.593334197998,2.21000003814697
296,Bergen_aan_Zee,234_N,8.7360668182373,6.39048910140991,876.242004394531,10.6627779006958,19.593334197998,2.21000003814697
297,Bergen_aan_Zee,235_N,8.7360668182373,6.39048910140991,876.242004394531,10.6627779006958,19.593334197998,2.21000003814697
298,Bergen_aan_Zee,236_N,8.7360668182373,6.39048910140991,876.242004394531,10.6627779006958,19.593334197998,2.21000003814697
299,Bergen_aan_Zee,237_N,8.7360668182373,6.39048910140991,876.242004394531,10.6627779006958,19.593334197998,2.21000003814697
300,Bergen_aan_Zee,238_N,8.7360668182373,6.39048910140991,876.242004394531,10.6627779006958,19.593334197998,2.21000003814697
301,Bergen_aan_Zee,239_N,8.7360668182373,6.39048910140991,876.242004394531,10.6627779006958,19.593334197998,2.21000003814697
302,BrayDunes_2,23_F,6.39593315124512,4.81554460525513,729.261352539062,11.1758337020874,21.75,1.68666660785675
303,Vrouwenpolder,23_N,8.19589996337891,6.05978631973267,842.280334472656,11.0163888931274,21.3366661071777,1.51666665077209
304,NPT,23_NPT,6.71500015258789,4.99188327789307,820.736022949219,11.1341667175293,20.8833332061768,2.00333333015442
305,Holkham,23_UK,9.10456657409668,6.88956928253174,612.77197265625,10.4152774810791,18.2733325958252,3.67000007629395
306,Bergen_aan_Zee,240_N,8.49349975585938,6.21279430389404,877.399353027344,10.654444694519,19.5966663360596,2.19000005722046
307,BRE,24_BRE,7.82100009918213,5.82871389389038,808.609985351562,11.1586112976074,20.216667175293,2.59666657447815
308,BrayDunes_2,24_F,6.39593315124512,4.81554460525513,729.261352539062,11.1758337020874,21.75,1.68666660785675
309,Vrouwenpolder,24_N,8.19589996337891,6.05978631973267,842.280334472656,11.0163888931274,21.3366661071777,1.51666665077209
310,Holkham,24_UK,9.10456657409668,6.88956928253174,612.77197265625,10.4152774810791,18.2733325958252,3.67000007629395
311,BRE,25_BRE,7.82100009918213,5.82871389389038,808.609985351562,11.1586112976074,20.216667175293,2.59666657447815
312,BrayDunes_2,25_F,6.39593315124512,4.81554460525513,729.261352539062,11.1758337020874,21.75,1.68666660785675
313,Vrouwenpolder,25_N,8.19589996337891,6.05978631973267,842.280334472656,11.0163888931274,21.3366661071777,1.51666665077209
314,Holkham,25_UK,9.04013347625732,6.84206676483154,612.421997070312,10.4122219085693,18.2733325958252,3.66000008583069
315,Wijk_aan_Zee,262_N,8.76319980621338,6.40203332901001,926.864013671875,10.6944446563721,19.7466659545898,2.04999995231628
316,Wijk_aan_Zee,264_N,8.76319980621338,6.40203332901001,926.864013671875,10.6944446563721,19.7466659545898,2.04999995231628
317,Wijk_aan_Zee,265_N,8.76319980621338,6.40203332901001,926.864013671875,10.6944446563721,19.7466659545898,2.04999995231628
318,Wijk_aan_Zee,266_N,8.76319980621338,6.40203332901001,926.864013671875,10.6944446563721,19.7466659545898,2.04999995231628
319,BRE,26_BRE,7.82100009918213,5.82871389389038,808.609985351562,11.1586112976074,20.216667175293,2.59666657447815
320,BrayDunes_2,26_F,6.39593315124512,4.81554460525513,729.261352539062,11.1758337020874,21.75,1.68666660785675
321,Vrouwenpolder,26_N,7.60406684875488,5.62313318252563,841.559997558594,11.0122222900391,21.3833332061768,1.49000000953674
322,Holkham,26_UK,8.07933330535889,6.11460304260254,614.389343261719,10.4022226333618,18.3500003814697,3.58666658401489
323,BRE,27_BRE,7.82100009918213,5.82871389389038,808.609985351562,11.1586112976074,20.216667175293,2.59666657447815
324,Duinkerke,27_F,7.36819982528687,5.54404163360596,726.984008789062,11.2108335494995,21.7666664123535,1.75666666030884
325,NeeltjeJans,27_N,8.77503299713135,6.48332786560059,850.884338378906,10.9975004196167,21.0799999237061,1.64666664600372
326,Holkham,27_UK,9.04013347625732,6.84206676483154,612.421997070312,10.4122219085693,18.2733325958252,3.66000008583069
327,BRE,28_BRE,7.82100009918213,5.82871389389038,808.609985351562,11.1586112976074,20.216667175293,2.59666657447815
328,Duinkerke,28_F,7.36819982528687,5.54404163360596,726.984008789062,11.2108335494995,21.7666664123535,1.75666666030884
329,NeeltjeJans,28_N,8.77503299713135,6.48332786560059,850.884338378906,10.9975004196167,21.0799999237061,1.64666664600372
330,Holkham,28_UK,9.04013347625732,6.84206676483154,612.421997070312,10.4122219085693,18.2733325958252,3.66000008583069
331,BRE,29_BRE,7.82100009918213,5.82871389389038,808.609985351562,11.1586112976074,20.216667175293,2.59666657447815
332,Duinkerke,29_F,7.19413328170776,5.41419458389282,727.682006835938,11.1975002288818,21.7600002288818,1.73333334922791
333,NeeltjeJans,29_N,8.77503299713135,6.48332786560059,850.884338378906,10.9975004196167,21.0799999237061,1.64666664600372
334,Holkham,29_UK,9.04013347625732,6.84206676483154,612.421997070312,10.4122219085693,18.2733325958252,3.66000008583069
335,Duinkerke,2_F,6.4316668510437,4.83836126327515,724.440979003906,11.2022218704224,21.8600006103516,1.67333328723907
336,Vrouwenpolder,2_N,7.09246635437012,5.24446392059326,842.314025878906,10.9905557632446,21.3899993896484,1.45333337783813
337,ODK1,2_ODK,7.25523328781128,5.43686962127686,759.177307128906,11.1591663360596,20.843334197998,2.24000000953674
338,Winterton,2_UK,7.99770021438599,6.07338905334473,640.534301757812,10.602222442627,18.7433338165283,3.46333336830139
339,BRE,30_BRE,7.82100009918213,5.82871389389038,808.609985351562,11.1586112976074,20.216667175293,2.59666657447815
340,Duinkerke,30_F,7.19413328170776,5.41419458389282,727.682006835938,11.1975002288818,21.7600002288818,1.73333334922791
341,NeeltjeJans,30_N,8.77503299713135,6.48332786560059,850.884338378906,10.9975004196167,21.0799999237061,1.64666664600372
342,Holkham,30_UK,9.04013347625732,6.84206676483154,612.421997070312,10.4122219085693,18.2733325958252,3.66000008583069
343,BRE,31_BRE,7.82100009918213,5.82871389389038,808.609985351562,11.1586112976074,20.216667175293,2.59666657447815
344,Duinkerke,31_F,7.19413328170776,5.41419458389282,727.682006835938,11.1975002288818,21.7600002288818,1.73333334922791
345,NeeltjeJans,31_N,8.77503299713135,6.48332786560059,850.884338378906,10.9975004196167,21.0799999237061,1.64666664600372
346,Instow,31_UK,7.08970022201538,5.27037239074707,928.859008789062,11.1847219467163,18.9600009918213,3.73666667938232
347,BRE,32_BRE,7.82100009918213,5.82871389389038,808.609985351562,11.1586112976074,20.216667175293,2.59666657447815
348,Duinkerke,32_F,7.19413328170776,5.41419458389282,727.682006835938,11.1975002288818,21.7600002288818,1.73333334922791
349,NeeltjeJans,32_N,8.77503299713135,6.48332786560059,850.884338378906,10.9975004196167,21.0799999237061,1.64666664600372
350,Instow,32_UK,7.08970022201538,5.27037239074707,928.859008789062,11.1847219467163,18.9600009918213,3.73666667938232
351,BRE,33_BRE,7.82100009918213,5.82871389389038,808.609985351562,11.1586112976074,20.216667175293,2.59666657447815
352,Duinkerke,33_F,7.19413328170776,5.41419458389282,727.682006835938,11.1975002288818,21.7600002288818,1.73333334922791
353,NeeltjeJans,33_N,8.77503299713135,6.48332786560059,850.884338378906,10.9975004196167,21.0799999237061,1.64666664600372
354,Instow,33_UK,7.08970022201538,5.27037239074707,928.859008789062,11.1847219467163,18.9600009918213,3.73666667938232
355,BRE,34_BRE,7.82100009918213,5.82871389389038,808.609985351562,11.1586112976074,20.216667175293,2.59666657447815
356,Duinkerke,34_F,7.19413328170776,5.41419458389282,727.682006835938,11.1975002288818,21.7600002288818,1.73333334922791
357,NeeltjeJans,34_N,8.77503299713135,6.48332786560059,850.884338378906,10.9975004196167,21.0799999237061,1.64666664600372
358,Instow,34_UK,7.08970022201538,5.27037239074707,928.859008789062,11.1847219467163,18.9600009918213,3.73666667938232
359,BRE,35_BRE,7.82100009918213,5.82871389389038,808.609985351562,11.1586112976074,20.216667175293,2.59666657447815
360,BrayDunes_2,35_F,7.80356645584106,5.87371969223022,731.976684570312,11.1986112594604,21.6633338928223,1.78333330154419
361,NeeltjeJans,35_N,8.77503299713135,6.48332786560059,850.884338378906,10.9975004196167,21.0799999237061,1.64666664600372
362,Instow,35_UK,7.28853321075439,5.41574716567993,930.892333984375,11.2622222900391,18.9733333587646,3.85999989509583
363,BRE,36_BRE,7.0389666557312,5.24545574188232,808.718322753906,11.1488885879517,20.2566661834717,2.55666661262512
364,BrayDunes_2,36_F,7.80356645584106,5.87371969223022,731.976684570312,11.1986112594604,21.6633338928223,1.78333330154419
365,Ouddorp,36_N,8.77840042114258,6.46201133728027,857.377014160156,10.9280557632446,20.6399993896484,1.79333329200745
366,Instow,36_UK,7.28853321075439,5.41574716567993,930.892333984375,11.2622222900391,18.9733333587646,3.85999989509583
367,BRE,37_BRE,7.0389666557312,5.24545574188232,808.718322753906,11.1488885879517,20.2566661834717,2.55666661262512
368,BrayDunes_2,37_F,7.80356645584106,5.87371969223022,731.976684570312,11.1986112594604,21.6633338928223,1.78333330154419
369,Ouddorp,37_N,8.77840042114258,6.46201133728027,857.377014160156,10.9280557632446,20.6399993896484,1.79333329200745
370,Westward,37_UK,7.94853353500366,5.89805269241333,924.101013183594,11.2866668701172,18.8533325195312,4.01666688919067
371,BRE,38_BRE,7.0389666557312,5.24545574188232,808.718322753906,11.1488885879517,20.2566661834717,2.55666661262512
372,BrayDunes,38_F,7.85783338546753,5.90978908538818,737.52001953125,11.1919441223145,21.5499992370605,1.84333336353302
373,Ouddorp,38_N,8.77840042114258,6.46201133728027,857.377014160156,10.9280557632446,20.6399993896484,1.79333329200745
374,Westward,38_UK,7.94853353500366,5.89805269241333,924.101013183594,11.2866668701172,18.8533325195312,4.01666688919067
375,BrayDunes,39_F,8.04623317718506,6.05218315124512,736.559692382812,11.2002773284912,21.5533332824707,1.86333334445953
376,LOM_BAD,39_LOM-BAD,7.86670017242432,5.88718891143799,769.357360839844,11.1722221374512,20.5900001525879,2.43333339691162
377,Ouddorp,39_N,8.77840042114258,6.46201133728027,857.377014160156,10.9280557632446,20.6399993896484,1.79333329200745
378,Westward,39_UK,7.94853353500366,5.89805269241333,924.101013183594,11.2866668701172,18.8533325195312,4.01666688919067
379,Duinkerke,3_F,6.4316668510437,4.83836126327515,724.440979003906,11.2022218704224,21.8600006103516,1.67333328723907
380,Vrouwenpolder,3_N,7.09246635437012,5.24446392059326,842.314025878906,10.9905557632446,21.3899993896484,1.45333337783813
381,ODK1,3_ODK,7.25523328781128,5.43686962127686,759.177307128906,11.1591663360596,20.843334197998,2.24000000953674
382,Winterton,3_UK,7.99770021438599,6.07338905334473,640.534301757812,10.602222442627,18.7433338165283,3.46333336830139
383,BrayDunes_2,40_F,6.39593315124512,4.81554460525513,729.261352539062,11.1758337020874,21.75,1.68666660785675
384,LOM_BAD,40_LOM-BAD,7.86670017242432,5.88718891143799,769.357360839844,11.1722221374512,20.5900001525879,2.43333339691162
385,Ouddorp,40_N,8.77840042114258,6.46201133728027,857.377014160156,10.9280557632446,20.6399993896484,1.79333329200745
386,Westward,40_UK,7.94853353500366,5.89805269241333,924.101013183594,11.2866668701172,18.8533325195312,4.01666688919067
387,BrayDunes_2,41_F,7.80356645584106,5.87371969223022,731.976684570312,11.1986112594604,21.6633338928223,1.78333330154419
388,LOM_BAD,41_LOM-BAD,7.86670017242432,5.88718891143799,769.357360839844,11.1722221374512,20.5900001525879,2.43333339691162
389,Ouddorp,41_N,8.77840042114258,6.46201133728027,857.377014160156,10.9280557632446,20.6399993896484,1.79333329200745
390,Westward,41_UK,8.37483310699463,6.21271657943726,922.845336914062,11.3063888549805,18.8366661071777,4.07000017166138
391,BrayDunes_2,42_F,7.80356645584106,5.87371969223022,731.976684570312,11.1986112594604,21.6633338928223,1.78333330154419
392,LOM_BAD,42_LOM-BAD,7.86670017242432,5.88718891143799,769.357360839844,11.1722221374512,20.5900001525879,2.43333339691162
393,Ouddorp,42_N,8.77840042114258,6.46201133728027,857.377014160156,10.9280557632446,20.6399993896484,1.79333329200745
394,BrayDunes,43_F,7.85783338546753,5.90978908538818,737.52001953125,11.1919441223145,21.5499992370605,1.84333336353302
395,LOM_BAD,43_LOM-BAD,7.86670017242432,5.88718891143799,769.357360839844,11.1722221374512,20.5900001525879,2.43333339691162
396,Ouddorp,43_N,8.77840042114258,6.46201133728027,857.377014160156,10.9280557632446,20.6399993896484,1.79333329200745
397,Westward,43_UK,8.37483310699463,6.21271657943726,922.845336914062,11.3063888549805,18.8366661071777,4.07000017166138
398,BrayDunes,44_F,7.85783338546753,5.90978908538818,737.52001953125,11.1919441223145,21.5499992370605,1.84333336353302
399,LOM_BAD,44_LOM-BAD,7.86670017242432,5.88718891143799,769.357360839844,11.1722221374512,20.5900001525879,2.43333339691162
400,Ouddorp,44_N,8.77840042114258,6.46201133728027,857.377014160156,10.9280557632446,20.6399993896484,1.79333329200745
401,Westward,44_UK,8.37483310699463,6.21271657943726,922.845336914062,11.3063888549805,18.8366661071777,4.07000017166138
402,BrayDunes,45_F,8.04623317718506,6.05218315124512,736.559692382812,11.2002773284912,21.5533332824707,1.86333334445953
403,LOM_BAD,45_LOM-BAD,7.86670017242432,5.88718891143799,769.357360839844,11.1722221374512,20.5900001525879,2.43333339691162
404,Ouddorp,45_N,8.77840042114258,6.46201133728027,857.377014160156,10.9280557632446,20.6399993896484,1.79333329200745
405,Westward,45_UK,8.37483310699463,6.21271657943726,922.845336914062,11.3063888549805,18.8366661071777,4.07000017166138
406,BrayDunes,46_F,8.04623317718506,6.05218315124512,736.559692382812,11.2002773284912,21.5533332824707,1.86333334445953
407,LOM_BAD,46_LOM-BAD,7.86670017242432,5.88718891143799,769.357360839844,11.1722221374512,20.5900001525879,2.43333339691162
408,Westward,46_UK,8.06806659698486,5.98768329620361,921.558349609375,11.289722442627,18.8766670227051,3.97333335876465
409,BrayDunes,47_F,6.33640003204346,4.76759433746338,734.723327636719,11.1611108779907,21.6433334350586,1.74333333969116
410,LOM_BAD,47_LOM-BAD,7.86670017242432,5.88718891143799,769.357360839844,11.1722221374512,20.5900001525879,2.43333339691162
411,Ouddorp,47_N,9.01626682281494,6.63651943206787,856.937316894531,10.9330558776855,20.5966663360596,1.85333335399628
412,Saunton,47_UK,8.19560050964355,6.06898880004883,979.234985351562,11.3397226333618,18.5499992370605,4.40999984741211
413,LOM_BAD,48_LOM-BAD,8.27543354034424,6.19362211227417,768.692016601562,11.1891670227051,20.5866661071777,2.45000004768372
414,Ouddorp,48_N,9.01626682281494,6.63651943206787,856.937316894531,10.9330558776855,20.5966663360596,1.85333335399628
415,Saunton,48_UK,8.19560050964355,6.06898880004883,979.234985351562,11.3397226333618,18.5499992370605,4.40999984741211
416,LOM_BAD,49_LOM-BAD,8.27543354034424,6.19362211227417,768.692016601562,11.1891670227051,20.5866661071777,2.45000004768372
417,Ouddorp,49_N,9.01626682281494,6.63651943206787,856.937316894531,10.9330558776855,20.5966663360596,1.85333335399628
418,Saunton,49_UK,8.19560050964355,6.06898880004883,979.234985351562,11.3397226333618,18.5499992370605,4.40999984741211
419,Duinkerke,4_F,6.4316668510437,4.83836126327515,724.440979003906,11.2022218704224,21.8600006103516,1.67333328723907
420,Vrouwenpolder,4_N,7.09246635437012,5.24446392059326,842.314025878906,10.9905557632446,21.3899993896484,1.45333337783813
421,ODK_BAD1,4_ODK-BAD,7.37209987640381,5.52806091308594,756.185363769531,11.17027759552,20.953332901001,2.18333339691162
422,Winterton,4_UK,7.99770021438599,6.07338905334473,640.534301757812,10.602222442627,18.7433338165283,3.46333336830139
423,LOM_BAD,50_LOM-BAD,8.27543354034424,6.19362211227417,768.692016601562,11.1891670227051,20.5866661071777,2.45000004768372
424,Saunton,50_UK,8.19560050964355,6.06898880004883,979.234985351562,11.3397226333618,18.5499992370605,4.40999984741211
425,LOM_BAD,51_LOM-BAD,7.05633354187012,5.28237771987915,766.779663085938,11.154444694519,20.6666660308838,2.34666657447815
426,Haamstede,51_N,8.67946624755859,6.40958070755005,860.106323242188,10.9844446182251,20.3933334350586,2.09666657447815
427,Saunton,51_UK,8.19560050964355,6.06898880004883,979.234985351562,11.3397226333618,18.5499992370605,4.40999984741211
428,LOM_BAD,52_LOM-BAD,7.05633354187012,5.28237771987915,766.779663085938,11.154444694519,20.6666660308838,2.34666657447815
429,Haamstede,52_N,8.67946624755859,6.40958070755005,860.106323242188,10.9844446182251,20.3933334350586,2.09666657447815
430,Saunton,52_UK,8.19560050964355,6.06898880004883,979.234985351562,11.3397226333618,18.5499992370605,4.40999984741211
431,DEP1,53_DEP1,5.44290018081665,4.08981943130493,743.575012207031,11.1469440460205,21.4033336639404,1.87666666507721
432,BrayDunes,53_F,8.04623317718506,6.05218315124512,736.559692382812,11.2002773284912,21.5533332824707,1.86333334445953
433,Haamstede,53_N,8.67946624755859,6.40958070755005,860.106323242188,10.9844446182251,20.3933334350586,2.09666657447815
434,Saunton,53_UK,8.19560050964355,6.06898880004883,979.234985351562,11.3397226333618,18.5499992370605,4.40999984741211
435,DEP1,54_DEP1,6.75299978256226,5.07481670379639,742.667358398438,11.1666669845581,21.4166660308838,1.88999998569489
436,BrayDunes,54_F,8.04623317718506,6.05218315124512,736.559692382812,11.2002773284912,21.5533332824707,1.86333334445953
437,Haamstede,54_N,8.67946624755859,6.40958070755005,860.106323242188,10.9844446182251,20.3933334350586,2.09666657447815
438,Saunton,54_UK,8.19560050964355,6.06898880004883,979.234985351562,11.3397226333618,18.5499992370605,4.40999984741211
439,DEP1,55_DEP1,6.75299978256226,5.07481670379639,742.667358398438,11.1666669845581,21.4166660308838,1.88999998569489
440,BrayDunes,55_F,6.33640003204346,4.76759433746338,734.723327636719,11.1611108779907,21.6433334350586,1.74333333969116
441,Haamstede,55_N,8.94983291625977,6.60878896713257,860.658020019531,11.0069446563721,20.3500003814697,2.15666675567627
442,Saunton,55_UK,8.19560050964355,6.06898880004883,979.234985351562,11.3397226333618,18.5499992370605,4.40999984741211
443,DEP1,56_DEP1,6.75299978256226,5.07481670379639,742.667358398438,11.1666669845581,21.4166660308838,1.88999998569489
444,Touquet,56_F,7.24639987945557,5.332444190979,844.216003417969,11.2888889312744,21.5166664123535,1.87666666507721
445,Haamstede,56_N,8.94983291625977,6.60878896713257,860.658020019531,11.0069446563721,20.3500003814697,2.15666675567627
446,Saunton,56_UK,8.19560050964355,6.06898880004883,979.234985351562,11.3397226333618,18.5499992370605,4.40999984741211
447,DEP1,57_DEP1,6.75299978256226,5.07481670379639,742.667358398438,11.1666669845581,21.4166660308838,1.88999998569489
448,Touquet,57_F,7.24639987945557,5.332444190979,844.216003417969,11.2888889312744,21.5166664123535,1.87666666507721
449,Haamstede,57_N,8.94983291625977,6.60878896713257,860.658020019531,11.0069446563721,20.3500003814697,2.15666675567627
450,Saunton,57_UK,8.19560050964355,6.06898880004883,979.234985351562,11.3397226333618,18.5499992370605,4.40999984741211
451,DEP1,58_DEP1,6.75299978256226,5.07481670379639,742.667358398438,11.1666669845581,21.4166660308838,1.88999998569489
452,Touquet,58_F,7.11256647109985,5.23172521591187,841.5546875,11.2808332443237,21.4366664886475,1.92666661739349
453,Haamstede,58_N,8.94983291625977,6.60878896713257,860.658020019531,11.0069446563721,20.3500003814697,2.15666675567627
454,Saunton,58_UK,8.16816711425781,6.04636096954346,995.921630859375,11.345832824707,18.4699993133545,4.48000001907349
455,DEP1,59_DEP1,8.03423309326172,6.03832483291626,741.817016601562,11.1858329772949,21.4366664886475,1.91333329677582
456,Touquet,59_F,7.11256647109985,5.23172521591187,841.5546875,11.2808332443237,21.4366664886475,1.92666661739349
457,Haamstede,59_N,8.94983291625977,6.60878896713257,860.658020019531,11.0069446563721,20.3500003814697,2.15666675567627
458,Saunton,59_UK,8.16816711425781,6.04636096954346,995.921630859375,11.345832824707,18.4699993133545,4.48000001907349
459,Duinkerke,5_F,6.4316668510437,4.83836126327515,724.440979003906,11.2022218704224,21.8600006103516,1.67333328723907
460,Vrouwenpolder,5_N,7.60406684875488,5.62313318252563,841.559997558594,11.0122222900391,21.3833332061768,1.49000000953674
461,ODK_BAD1,5_ODK-BAD,7.37209987640381,5.52806091308594,756.185363769531,11.17027759552,20.953332901001,2.18333339691162
462,Winterton,5_UK,8.65303325653076,6.57205820083618,641.422668457031,10.6125001907349,18.7099990844727,3.51999998092651
463,DEP1,60_DEP1,8.03423309326172,6.03832483291626,741.817016601562,11.1858329772949,21.4366664886475,1.91333329677582
464,Touquet,60_F,7.11256647109985,5.23172521591187,841.5546875,11.2808332443237,21.4366664886475,1.92666661739349
465,Saunton,60_UK,8.16816711425781,6.04636096954346,995.921630859375,11.345832824707,18.4699993133545,4.48000001907349
466,DEP1,61_DEP1,8.03423309326172,6.03832483291626,741.817016601562,11.1858329772949,21.4366664886475,1.91333329677582
467,Touquet,61_F,7.11256647109985,5.23172521591187,841.5546875,11.2808332443237,21.4366664886475,1.92666661739349
468,Haamstede,61_N,8.94983291625977,6.60878896713257,860.658020019531,11.0069446563721,20.3500003814697,2.15666675567627
469,DEP1,62_DEP1,8.37049961090088,6.29184722900391,740.941345214844,11.1988887786865,21.453332901001,1.92999994754791
470,Touquet,62_F,8.32796669006348,6.12308311462402,840.593688964844,11.3183336257935,21.3966674804688,2
471,Haamstede,62_N,8.94983291625977,6.60878896713257,860.658020019531,11.0069446563721,20.3500003814697,2.15666675567627
472,DEP1,63_DEP1,6.9931001663208,5.25810289382935,739.231323242188,11.1724996566772,21.5499992370605,1.81333339214325
473,Touquet,63_F,8.32796669006348,6.12308311462402,840.593688964844,11.3183336257935,21.3966674804688,2
474,Haamstede,63_N,8.94983291625977,6.60878896713257,860.658020019531,11.0069446563721,20.3500003814697,2.15666675567627
475,DEP1,64_DEP1,6.9931001663208,5.25810289382935,739.231323242188,11.1724996566772,21.5499992370605,1.81333339214325
476,Touquet,64_F,8.32796669006348,6.12308311462402,840.593688964844,11.3183336257935,21.3966674804688,2
477,Haamstede,64_N,7.79823350906372,5.75815534591675,863.640319824219,10.9530553817749,20.3133335113525,2.09333324432373
478,DEP1,65_DEP1,6.9931001663208,5.25810289382935,739.231323242188,11.1724996566772,21.5499992370605,1.81333339214325
479,Touquet,65_F,6.96799993515015,5.12346935272217,839.634033203125,11.260555267334,21.3366661071777,1.97000002861023
480,Haamstede,65_N,7.79823350906372,5.75815534591675,863.640319824219,10.9530553817749,20.3133335113525,2.09333324432373
481,DEP1,66_DEP1,6.9931001663208,5.25810289382935,739.231323242188,11.1724996566772,21.5499992370605,1.81333339214325
482,Dannes,66_F,6.78193330764771,4.98514699935913,836.6796875,11.2849998474121,21.2766666412354,2.03333330154419
483,Wassenaar_2,66_N,8.18190002441406,5.98374176025391,946.039672851562,10.6836109161377,20.5866661071777,1.4099999666214
484,DEP1,67_DEP1,7.44589996337891,5.59924173355103,738.379028320312,11.1733331680298,21.5366668701172,1.82333338260651
485,Dannes,67_F,6.78193330764771,4.98514699935913,836.6796875,11.2849998474121,21.2766666412354,2.03333330154419
486,Wassenaar_2,67_N,8.18190002441406,5.98374176025391,946.039672851562,10.6836109161377,20.5866661071777,1.4099999666214
487,Dannes,68_F,6.78193330764771,4.98514699935913,836.6796875,11.2849998474121,21.2766666412354,2.03333330154419
488,Wassenaar_2,68_N,8.18190002441406,5.98374176025391,946.039672851562,10.6836109161377,20.5866661071777,1.4099999666214
489,ODK2,68_ODK,8.29170036315918,6.21491670608521,758.04736328125,11.1883335113525,20.8600006103516,2.27333331108093
490,Dannes,69_F,7.19266653060913,5.2872748374939,836.017333984375,11.2811107635498,21.2700004577637,2.03333330154419
491,Wassenaar_2,69_N,8.94536685943604,6.54214715957642,944.623352050781,10.7238893508911,20.5900001525879,1.46333336830139
492,ODK2,69_ODK,7.54780006408691,5.65666675567627,758.57568359375,11.1680555343628,20.843334197998,2.25999999046326
493,Duinkerke,6_F,6.4316668510437,4.83836126327515,724.440979003906,11.2022218704224,21.8600006103516,1.67333328723907
494,Vrouwenpolder,6_N,7.60406684875488,5.62313318252563,841.559997558594,11.0122222900391,21.3833332061768,1.49000000953674
495,ODK_BAD1,6_ODK-BAD,7.37209987640381,5.52806091308594,756.185363769531,11.17027759552,20.953332901001,2.18333339691162
496,Winterton,6_UK,8.65303325653076,6.57205820083618,641.422668457031,10.6125001907349,18.7099990844727,3.51999998092651
497,Dannes,70_F,7.19266653060913,5.2872748374939,836.017333984375,11.2811107635498,21.2700004577637,2.03333330154419
498,Wassenaar_2,70_N,8.94536685943604,6.54214715957642,944.623352050781,10.7238893508911,20.5900001525879,1.46333336830139
499,ODK2,70_ODK,7.54780006408691,5.65666675567627,758.57568359375,11.1680555343628,20.843334197998,2.25999999046326
500,Wassenaar_2,71_N,8.94536685943604,6.54214715957642,944.623352050781,10.7238893508911,20.5900001525879,1.46333336830139
501,ODK2,71_ODK,7.54780006408691,5.65666675567627,758.57568359375,11.1680555343628,20.843334197998,2.25999999046326
502,Wassenaar_2,72_N,8.94536685943604,6.54214715957642,944.623352050781,10.7238893508911,20.5900001525879,1.46333336830139
503,ODK2,72_ODK,7.54780006408691,5.65666675567627,758.57568359375,11.1680555343628,20.843334197998,2.25999999046326
504,Dannes,73_F,7.03993320465088,5.17515277862549,835.480346679688,11.272777557373,21.25,2.03333330154419
505,Wassenaar_2,73_N,8.94536685943604,6.54214715957642,944.623352050781,10.7238893508911,20.5900001525879,1.46333336830139
506,ODK2,73_ODK,7.54780006408691,5.65666675567627,758.57568359375,11.1680555343628,20.843334197998,2.25999999046326
507,Dannes,74_F,7.03993320465088,5.17515277862549,835.480346679688,11.272777557373,21.25,2.03333330154419
508,Wassenaar_2,74_N,8.94536685943604,6.54214715957642,944.623352050781,10.7238893508911,20.5900001525879,1.46333336830139
509,ODK2,74_ODK,7.25523328781128,5.43686962127686,759.177307128906,11.1591663360596,20.843334197998,2.24000000953674
510,Dannes,75_F,7.19266653060913,5.2872748374939,836.017333984375,11.2811107635498,21.2700004577637,2.03333330154419
511,Wassenaar_1,75_N,8.45133304595947,6.18100833892822,939.787353515625,10.7105560302734,20.6466674804688,1.41999995708466
512,ODK2,75_ODK,7.25523328781128,5.43686962127686,759.177307128906,11.1591663360596,20.843334197998,2.24000000953674
513,Hardelot,76_F,8.03383350372314,5.9047417640686,837.879699707031,11.2849998474121,21.1399993896484,2.14333343505859
514,Wassenaar_1,76_N,8.45133304595947,6.18100833892822,939.787353515625,10.7105560302734,20.6466674804688,1.41999995708466
515,ODK2,76_ODK,7.25523328781128,5.43686962127686,759.177307128906,11.1591663360596,20.843334197998,2.24000000953674
516,Hardelot,77_F,8.03383350372314,5.9047417640686,837.879699707031,11.2849998474121,21.1399993896484,2.14333343505859
517,Wassenaar_1,77_N,8.45133304595947,6.18100833892822,939.787353515625,10.7105560302734,20.6466674804688,1.41999995708466
518,ODK2,77_ODK,7.25523328781128,5.43686962127686,759.177307128906,11.1591663360596,20.843334197998,2.24000000953674
519,Hardelot,78_F,8.03383350372314,5.9047417640686,837.879699707031,11.2849998474121,21.1399993896484,2.14333343505859
520,Wassenaar_1,78_N,8.45133304595947,6.18100833892822,939.787353515625,10.7105560302734,20.6466674804688,1.41999995708466
521,ODK2,78_ODK,7.25523328781128,5.43686962127686,759.177307128906,11.1591663360596,20.843334197998,2.24000000953674
522,Hardelot,79_F,8.03383350372314,5.9047417640686,837.879699707031,11.2849998474121,21.1399993896484,2.14333343505859
523,Wassenaar_1,79_N,8.45133304595947,6.18100833892822,939.787353515625,10.7105560302734,20.6466674804688,1.41999995708466
524,ODK2,79_ODK,7.25523328781128,5.43686962127686,759.177307128906,11.1591663360596,20.843334197998,2.24000000953674
525,Duinkerke,7_F,6.02493333816528,4.53355550765991,724.801696777344,11.1877775192261,21.8500003814697,1.66333329677582
526,Vrouwenpolder,7_N,7.60406684875488,5.62313318252563,841.559997558594,11.0122222900391,21.3833332061768,1.49000000953674
527,ODK_BAD1,7_ODK-BAD,7.37209987640381,5.52806091308594,756.185363769531,11.17027759552,20.953332901001,2.18333339691162
528,Winterton,7_UK,8.65303325653076,6.57205820083618,641.422668457031,10.6125001907349,18.7099990844727,3.51999998092651
529,Hardelot,80_F,8.03383350372314,5.9047417640686,837.879699707031,11.2849998474121,21.1399993896484,2.14333343505859
530,Wassenaar_1,80_N,8.45133304595947,6.18100833892822,939.787353515625,10.7105560302734,20.6466674804688,1.41999995708466
531,WDN,80_WDN,7.4182333946228,5.51936674118042,818.322326660156,11.1358337402344,20.4966659545898,2.32666659355164
532,Touquet,81_F,6.96799993515015,5.12346935272217,839.634033203125,11.260555267334,21.3366661071777,1.97000002861023
533,Wassenaar_1,81_N,7.58949995040894,5.55059432983398,941.28466796875,10.7041664123535,20.6800003051758,1.37000000476837
534,WDN,81_WDN,7.4182333946228,5.51936674118042,818.322326660156,11.1358337402344,20.4966659545898,2.32666659355164
535,Touquet,82_F,6.96799993515015,5.12346935272217,839.634033203125,11.260555267334,21.3366661071777,1.97000002861023
536,Wassenaar_2,82_N,8.18190002441406,5.98374176025391,946.039672851562,10.6836109161377,20.5866661071777,1.4099999666214
537,WDN,82_WDN,7.4182333946228,5.51936674118042,818.322326660156,11.1358337402344,20.4966659545898,2.32666659355164
538,Touquet,83_F,6.96799993515015,5.12346935272217,839.634033203125,11.260555267334,21.3366661071777,1.97000002861023
539,Wassenaar_2,83_N,8.94536685943604,6.54214715957642,944.623352050781,10.7238893508911,20.5900001525879,1.46333336830139
540,WDN,83_WDN,7.4182333946228,5.51936674118042,818.322326660156,11.1358337402344,20.4966659545898,2.32666659355164
541,Touquet,84_F,6.96799993515015,5.12346935272217,839.634033203125,11.260555267334,21.3366661071777,1.97000002861023
542,Wassenaar_2,84_N,8.94536685943604,6.54214715957642,944.623352050781,10.7238893508911,20.5900001525879,1.46333336830139
543,WDN,84_WDN,7.4182333946228,5.51936674118042,818.322326660156,11.1358337402344,20.4966659545898,2.32666659355164
544,Touquet,85_F,6.96799993515015,5.12346935272217,839.634033203125,11.260555267334,21.3366661071777,1.97000002861023
545,Wassenaar_2,85_N,8.94536685943604,6.54214715957642,944.623352050781,10.7238893508911,20.5900001525879,1.46333336830139
546,WDN,85_WDN,7.4182333946228,5.51936674118042,818.322326660156,11.1358337402344,20.4966659545898,2.32666659355164
547,Touquet,86_F,6.96799993515015,5.12346935272217,839.634033203125,11.260555267334,21.3366661071777,1.97000002861023
548,Wassenaar_2,86_N,8.94536685943604,6.54214715957642,944.623352050781,10.7238893508911,20.5900001525879,1.46333336830139
549,WDN,86_WDN,7.4182333946228,5.51936674118042,818.322326660156,11.1358337402344,20.4966659545898,2.32666659355164
550,Touquet,87_F,6.96799993515015,5.12346935272217,839.634033203125,11.260555267334,21.3366661071777,1.97000002861023
551,Wassenaar_2,87_N,7.92236661911011,5.79410552978516,943.846984863281,10.6783332824707,20.6200008392334,1.37666666507721
552,WDN,87_WDN,7.4182333946228,5.51936674118042,818.322326660156,11.1358337402344,20.4966659545898,2.32666659355164
553,Touquet,88_F,6.96799993515015,5.12346935272217,839.634033203125,11.260555267334,21.3366661071777,1.97000002861023
554,Wassenaar_1,88_N,8.45133304595947,6.18100833892822,939.787353515625,10.7105560302734,20.6466674804688,1.41999995708466
555,WDN,88_WDN,7.4182333946228,5.51936674118042,818.322326660156,11.1358337402344,20.4966659545898,2.32666659355164
556,Touquet,89_F,8.31516647338867,6.11143589019775,839.760986328125,11.3183336257935,21.3166675567627,2.05666661262512
557,Wassenaar_1,89_N,8.45133304595947,6.18100833892822,939.787353515625,10.7105560302734,20.6466674804688,1.41999995708466
558,WDN,89_WDN,7.4182333946228,5.51936674118042,818.322326660156,11.1358337402344,20.4966659545898,2.32666659355164
559,Duinkerke,8_F,6.02493333816528,4.53355550765991,724.801696777344,11.1877775192261,21.8500003814697,1.66333329677582
560,Vrouwenpolder,8_N,7.60406684875488,5.62313318252563,841.559997558594,11.0122222900391,21.3833332061768,1.49000000953674
561,ODK_BAD1,8_ODK-BAD,6.46396684646606,4.84653043746948,756.634033203125,11.1516666412354,20.9433326721191,2.16000008583069
562,Winterton,8_UK,8.0736665725708,6.13350009918213,642.883666992188,10.5941667556763,18.7066669464111,3.49000000953674
563,Wassenaar_1,90_N,8.45133304595947,6.18100833892822,939.787353515625,10.7105560302734,20.6466674804688,1.41999995708466
564,WDN,90_WDN,7.8953332901001,5.87466669082642,818.301330566406,11.1533336639404,20.4466667175293,2.39333343505859
565,Oye,91_F,7.20323324203491,5.34772491455078,772.20166015625,11.3252773284912,21.7433338165283,2
566,WDN,91_WDN,7.8953332901001,5.87466669082642,818.301330566406,11.1533336639404,20.4466667175293,2.39333343505859
567,Oye,92_F,7.20323324203491,5.34772491455078,772.20166015625,11.3252773284912,21.7433338165283,2
568,WDN,92_WDN,7.8953332901001,5.87466669082642,818.301330566406,11.1533336639404,20.4466667175293,2.39333343505859
569,Oye,93_F,7.20323324203491,5.34772491455078,772.20166015625,11.3252773284912,21.7433338165283,2
570,WDN,93_WDN,7.8953332901001,5.87466669082642,818.301330566406,11.1533336639404,20.4466667175293,2.39333343505859
571,Oye,94_F,7.20323324203491,5.34772491455078,772.20166015625,11.3252773284912,21.7433338165283,2
572,Wassenaar_1,94_N,8.73400020599365,6.38770818710327,942.293701171875,10.7202777862549,20.6133327484131,1.4466667175293
573,WDN,94_WDN,7.8953332901001,5.87466669082642,818.301330566406,11.1533336639404,20.4466667175293,2.39333343505859
574,DHN1,95_DHN1,5.84233331680298,4.35200262069702,810.932678222656,11.1452779769897,20.3066673278809,2.50999999046326
575,Oye,95_F,6.9935998916626,5.1933388710022,770.876647949219,11.3188886642456,21.7766666412354,1.96333336830139
576,DHN1,96_DHN1,5.84233331680298,4.35200262069702,810.932678222656,11.1452779769897,20.3066673278809,2.50999999046326
577,Oye,96_F,6.9935998916626,5.1933388710022,770.876647949219,11.3188886642456,21.7766666412354,1.96333336830139
578,DHN1,97_DHN1,8.31623363494873,6.19356107711792,812.34130859375,11.1641664505005,20.2733325958252,2.55666661262512
579,Oye,97_F,6.9935998916626,5.1933388710022,770.876647949219,11.3188886642456,21.7766666412354,1.96333336830139
580,DHN1,98_DHN1,8.31623363494873,6.19356107711792,812.34130859375,11.1641664505005,20.2733325958252,2.55666661262512
581,Oye,98_F,6.9935998916626,5.1933388710022,770.876647949219,11.3188886642456,21.7766666412354,1.96333336830139
582,Wassenaar_1,98_N,8.73400020599365,6.38770818710327,942.293701171875,10.7202777862549,20.6133327484131,1.4466667175293
583,DHN1,99_DHN1,8.31623363494873,6.19356107711792,812.34130859375,11.1641664505005,20.2733325958252,2.55666661262512
584,Oye,99_F,6.9935998916626,5.1933388710022,770.876647949219,11.3188886642456,21.7766666412354,1.96333336830139
585,Duinkerke,9_F,6.02493333816528,4.53355550765991,724.801696777344,11.1877775192261,21.8500003814697,1.66333329677582
586,Vrouwenpolder,9_N,7.60406684875488,5.62313318252563,841.559997558594,11.0122222900391,21.3833332061768,1.49000000953674
587,NPT,9_NPT,6.71500015258789,4.99188327789307,820.736022949219,11.1341667175293,20.8833332061768,2.00333333015442
588,Winterton,9_UK,8.0736665725708,6.13350009918213,642.883666992188,10.5941667556763,18.7066669464111,3.49000000953674
